RND.seq	S1	S2	S3	S4	S9	S10	S11	S12	S17	S18	S19	S20	Peptide
ATGAAAAAAAAAAACAAAGCACAGTTAAAATCTAATATTTATGTCAAAAAAAAGTAAATATGGTAA	1.0												yes
ATGAAAAAAAAAAACCAGACAAAATATCGTGAACTTAATTAGGAAATATCATATTGTAGATTGTAA	1.0												yes
ATGAAAAAAAAAAATAAATAAATAAAAATTATAAGTTTTTAAAATATTATAAAATTTTTATTTTAA	1.0												yes
ATGAAAAAAAAAAATACGAGAAAGCTGTGCTCAGGCCTATGGGGCCGGTTGTCTATTCTATTGTAA	1.0												yes
ATGAAAAAAAAAAATACGAGAAAGCTGTGCTCAGGCCTATGGGGCTGGTTGTCTATTCTATTGTAA	21.0	20.0	22.0	21.0	23.0	15.0	22.0	9.0	17.0	21.0	24.0	11.0	yes
ATGAAAAAAAAAAATCATTTCTTTTAAGGGGAACGAATATTATCTTGTTTATCCCGTGATAATTAA	1.0												yes
ATGAAAAAAAAAACAAAAAGTACGATACTAATAATAAATATAAAAATATAAGAACAAATCTATTAA	1.0												yes
ATGAAAAAAAAAACAGTAATTTATTTTGATCATTGAAAAGGTGTTCTACAGGGTTGATGAATTTAA	1.0												yes
ATGAAAAAAAAAACCTGTTAATTACAATATCATAGAGCATCAGTCATATTTTTTTCTTTGAGGTAA	1.0												yes
ATGAAAAAAAAAAGATGTTTACTTGATCACGGGTTGTATGCGCGTGTTTCTATATCTCAAATATAA	7.0	6.0	8.0	10.0	7.0	4.0	13.0	10.0	7.0	9.0	4.0	3.0	yes
ATGAAAAAAAAAATCTAATCTTACTTTTTAATAATCTTGATAGCTTATGGTTAGATATTATAGTAA	1.0												yes
ATGAAAAAAAAAATGTGATCTCTCAGATCCGTTAGAAGATGGACATTATCACTGATATTGGTGTAA	2.0	3.0	2.0	1.0	4.0	5.0	2.0	5.0	3.0	3.0	6.0	4.0	yes
ATGAAAAAAAAAATTTAAAATTAATGTTAGTTTATTAGATGGTCTATTTTTATTTTAAATATATAA	1.0												yes
ATGAAAAAAAAACACCACGATTTTATGTACCTTAACCCACCTAATTTGTAATCATGATTTATGTAA	1.0												yes
ATGAAAAAAAAACACGCCGTGCGCGTTATCCTTTGCGGTTTTGAGCGCTGTTTTTTTTTTTTGTAA	9.0	14.0	8.0	12.0	7.0	3.0	7.0	11.0	7.0	12.0	5.0	2.0	yes
ATGAAAAAAAAACAGATGCCTGGTCGTAACTCTCTGGCGGGGTGCCGCCATAGCCATTCAATTTAA	1.0												yes
ATGAAAAAAAAACATAAGTATAGCAGATGTTACATTGCTTGCTTACTGAGTTTGACGTGCGTGTAA	1.0												yes
ATGAAAAAAAAACCATTTCTATGATTTACAGAAACCTTTATTTGTCTCAGGTCATCAAGGGTCTAA	1.0												yes
ATGAAAAAAAAACCTGTCGGGACTAAGATACTTGCGTGAGTGTCGTGTGTTACACTTTTTGGTTAA	1.0												yes
ATGAAAAAAAAACGTATTGGGCCATGAGGTCTCTCTGTTGAAACACAGGCGTCTTGAGTAGTTTAA	1.0		2.0	1.0	1.0	1.0	1.0	2.0			2.0		yes
ATGAAAAAAAAACTAACTAATTAAAGTTGCCCTGTTTTTTATACGGAAAAGTAAGATTAAGTGTAA	1.0												yes
ATGAAAAAAAAACTTCAGACATTTGTTCAATCTGATGTAGGTTCTAATTAAGGTTCAAGTAGATAA	1.0												yes
ATGAAAAAAAAAGACTGACGGTTAGGAGATCATGTTGTGGTTAGGTTCGTTTATTGTATGATTTAA	1.0												yes
ATGAAAAAAAAAGATACTCACAGTTTTAATCGGAAGATGTATAGTTAAGAATATTGGTGATTATAA	1.0												yes
ATGAAAAAAAAAGCCTTTATATGTGTTGAGTGCTTGTAATGGAAATCAGGGAATGGTTTCGTATAA	1.0												yes
ATGAAAAAAAAAGCGGTCGATGGTCAACAGCACGCGTAGCCGAATTTAATTTGGGTTTACATATAA	12.0	25.0	17.0	11.0	10.0	12.0	11.0	10.0	14.0	7.0	13.0	11.0	yes
ATGAAAAAAAAAGCTTGACCTAAGTAGGTAAAATTTGTTAAGAATATAATTATTGGATCCAATTAA	1.0							1.0					yes
ATGAAAAAAAAAGGATAGACAATGTTACAAATAATGGTAAGTACTTTGAGAAATGGAATGTTTTAA	1.0												yes
ATGAAAAAAAAAGTGTTTTTATATAGGACATGGTGGGGCGGTAGGTGCGTTAACGTTGAACTGTAA	1.0												yes
